,title,image,url,description,address,num_rooms,area,merkmale,etage,bezugsfrei ab,schlafzimmer,badezimmer,haustiere,internet,kaltmiete,nebenkosten,heizkosten,gesamtmiete,kaution o. genossenschafts­anteile,umzugskosten,baujahr,objektzustand,heizungsart,wesentliche energieträger,energieausweis,energie­ausweistyp,endenergiebedarf,energie­effizienz­klasse,object_description,ausstattung,lage,sonstiges,typ,nutzfläche ca.,bonitätsauskunft,garage/ stellplatz,end­energie­verbrauch,miete für garage/stellplatz,modernisierung/ sanierung
0,Stilvolle Wohnung zum Erstbezug mit Terrasse! Einzelbesichtigungen möglich,https://pictures.immobilienscout24.de/listings/314fef9b-8683-4880-bee5-4d9cf9d3f90f-1370748026.jpg/ORIG/resize/540x540%3E/format/jpg/quality/80,file:///Users/danroc/Documents/Projects/@techlabs/data-scraping/html/immoscout/immoscout-expose-118644784.html,"Mietwohnung (Wohnung/Miete): 2 Zimmer - 64,6 qm - Nesselweg 17, 13158 Berlin, Rosenthal (Pankow) bei ImmobilienScout24 (Scout-ID: 118644784)","Nesselweg 17,
13158 Berlin, Rosenthal (Pankow)",2,"64,58","['Balkon/ Terrasse', 'Keller', 'Einbauküche']",2 von 3,01.09.2020,1,1,Nach Vereinbarung,Verfügbarkeit prüfen,910,195,in Nebenkosten enthalten,1.105,"2.730,00",Berechnung starten,2020,Erstbezug,Zentralheizung,Fernwärme,liegt vor,Bedarfsausweis,51 kWh/(m²*a),B,"Die attraktiven 2-Zimmer-Wohnungen im QUARTIER ROSENTHAL bieten auf 59 bis 66 Quadratmetern alles, was Singles oder Paare zum modernen Wohnen brauchen. Unsere Beispielwohnung betreten Sie über einen offenen Flur, der in das helle, geräumige Wohn- und Esszimmer mündet. Dieser verfügt über eine gehobene, offene Einbauküche und – ebenso wie das stillvolle, separate Schlafzimmer – über einen Zugang zur großen Terrasse. Von dem Wohn- und Esszimmer erreichen Sie eine zusätzliche Abstellkammer mit einem Waschmaschinenanschluss, sowie das großzügige Duschbad.","- Einbauküche mit Markengeräten
- Fußbodenheizung in der ganzen Wohnung 
- Balkon, Terrasse oder Dachterrasse 
- bodentiefe Fenster
- glattweiße Wände
- elektrische Außenrollläden im Erdgeschoss, Plissés in den Obergeschossen
- Eichenechtholzparkett in den Wohnbereichen und Fluren
- Badezimmer mit großformatigen Wandfliesen, hochwertigen Armaturen und Einbauten sowie flachen 
  Handtuchheizkörpern
- Waschmaschinenanschluss in jeder Wohnung
- barrierefreier Zugang in den Erdgeschosswohnungen
- Gegensprechanlage","BERLIN-PANKOW: Grün, vielseitig und ausgesprochen beliebt!

- zweitgrößter und bevölkerungsreichster Bezirk Berlins und reicht von Berliner City-Ost bis an die Landesgrenze zum grünen Barnim
- umfasst den südlich gelegenen Prenzlauer Berg mit seinen Gründerzeitvierteln, kleinen Geschäften und vielen Cafés ebenso wie den namensgebenden Ortsteil Pankow oder die vorstädtisch bis ländlich geprägten Ortsteile Karow und Buch im Nordosten.

- idyllische Grünanlagen, attraktive Wohnquartiere, angesagte Szenekieze, hochkarätige Kulturlocations, erfolgreiche Gewerbestandorte
- Schloss Schönhausen, der Wasserturm in der Knaackstraße oder Weißensee mit seinem Strandbad und dem größten jüdischen Friedhof Europas
- stadtbekannte Ökomarkt am Kollwitzplatz sowie der Markt auf dem Pankower Anger lohnen immer einen Besuch

PANKOW-ROSENTHAL: Dörfliche Beschaulichkeit im Norden Berlins

- ruhig und grün gelegen, aber bestens an die Innenstadt angebunden  
- im 13. Jahrhundert als Angerdorf angelegt: Hauptstraße mit dem denkmalgeschützten Ensemble aus Dorfkirche, Gemeindehaus und Gutshof sind heute noch vorhanden
- Gartenstadtcharakter, Ein- und Zweifamilienhaussiedlungen, Laubenkolonien
- bei Familien beliebt

AREAL & ANBINDUNG: Mit der Tram direkt in die Innenstadt

- Bushaltestelle Kräuterweg mit Anbindung nach Buchholz wenige Schritte vom QUARTIER ROSENTHAL 
- nächste Tramhaltestelle ist ebenfalls nicht weit: mit der M1 auf direktem Wege in die Stadtmitte
- vom S-Bahnhof Wilhelmsruh verkehren die wichtigen Pendlerlinien S 85 und S 1 
- mit dem Auto in ca. 20 Minuten auf der A10 oder A114

- Nahversorgung: Supermarkt, verschiedene Discounter,  Getränkemarkt und mehrere Bäckereien sind fußläufig erreichbar
- weitere Einkaufsmöglichkeiten, Apotheken und Ärzte im angrenzenden Märkischen Viertel und Wilhelmsruh
- Kita, Kindergarten und zwei Grundschulen im Umkreis von zwei Kilometern","ANFRAGEN BITTE ÜBER DAS KONTAKTFORMULAR 

Bei den Bildern handelt es sich um unverbindliche Visualisierungen. Gerne können Sie sich im Zuge einer Besichtigung der Musterwohnung vom QUARTIER ROSENTHAL überzeugen.

WEITERE INFOS UNTER WWW.QUARTIER-ROSENTHAL.DE

HAFTUNGSAUSSCHLUSS:
Diese Anzeige dient nur der ersten Information und stellt kein Vertragsangebot dar. Die Anzeige begründet keine vertraglichen Ansprüche. Der Inhalt und die Angaben wurden nach bestem Wissen und Gewissen ermittelt. Für Richtigkeit und Vollständigkeit wird keine Haftung übernommen. Die Grundrisse sind nicht zur Maßentnahme geeignet. Bei den Flächenangaben handelt es sich um Planmaße. Bei den Objektbildern handelt es sich um unverbindliche Visualisierungen.",,,,,,,
1,3-Zimmer Traum direkt an der Dahme!,https://pictures.immobilienscout24.de/listings/cf066f2d-ce0b-490f-8786-38c1b12e10f1-1371875892.jpg/ORIG/resize/540x540%3E/format/jpg/quality/80,file:///Users/danroc/Documents/Projects/@techlabs/data-scraping/html/immoscout/immoscout-expose-118877091.html,"Etagenwohnung (Wohnung/Miete): 3 Zimmer - 96 qm - Grünauer Straße 133, 12557 Berlin, Köpenick (Köpenick) bei ImmobilienScout24 (Scout-ID: 118877091)","Grünauer Straße 133,
12557 Berlin, Köpenick (Köpenick)",3,"95,95","['Balkon/ Terrasse', 'Einbauküche']",2 von 5,nach Vereinbarung,2,1,Nach Vereinbarung,,900,210,in Nebenkosten enthalten,1.110,2700,Berechnung starten,1992,Modernisiert,Zentralheizung,Gas,liegt vor,Verbrauchsausweis,,D,Diese wunderschöne und gepflegte Neubauanlage wurde im Jahre 1996 erbaut und liegt direkt an der Dahme. Die ruhige Lage der Wohnung gewährleistet zum Feierabend und am Wochenende Entspannung für die Mieter. Man kann einen schönen Blick zum Wasser in vielen der Wohnungen genießen. Die kleine Rohrwallinsel kann man vom angelegten Steg im Objekt ebenfalls sehen. Nach Verfügbarkeit kann zusätzlich ein KfZ-Stellplatz in der Tiefgarage angemietet werden.,"Diese helle 3-Zimmer Wohnung zeichnet sich durch die vielen großen Fensterfronten aus und verleiht damit ein Gefühl der Freiheit. 

Die perfekt geschnittene Wohnung direkt am Wasser hat folgende Ausstattungsmerkmale:

* 4. Obergeschoss OHNE Aufzug
* 3 Loggien/Balkone
* geräumiges Wohnzimmer mit Zugang zu 2 Loggien
* Küche mit Einbauküche inkl. Elektrogeräte
* zwei Schlafräume
* hell gefliestes Tageslichtwannenbad
* Laminatboden 
* Kabelanschluss, Telefonanschluss, Gegensprechanlage
uvm.","Die ruhige Lage der Grünauer Str. 129 – 135 im östlichen Bereich Köpenicks garantiert Erholung pur. Im näheren Umfeld befinden sich viele Möglichkeiten der Naherholung. Die Köpenicker Altstadt mit dem Schloss und dem sehr schönen Stadtkern ist schnell zu erreichen und durch ein facettenreiches Angebot an Restaurants, Cafés, Einkaufmöglichkeiten und kulturellen Einrichtungen gekennzeichnet. Kitas, Grund- und weiterführende Schulen, eine Bibliothek sowie der Discounter Lidl liegen in unmittelbarer Nähe.

Über die Tramlinie 68 und die Buslinien 164 sowie 167 ist eine gute Erreichbarkeit gewährleistet. Weitere Verbindung zur S47 Spindlersfeld, S8 Grünau sowie auch S9 Adlershof ist ebenfalls gegeben.","Bitte kontaktieren Sie uns per E-Mail damit wir einen Besichtigungstermin mit Ihnen vereinbaren können!

WIR  FREUEN  UNS  AUF  SIE!!!",Etagenwohnung,"95,95 m²",SCHUFA-BonitätsCheck anfordern,Tiefgaragen-Stellplatz,"104,67 kWh/(m²*a)",,
2,PARAGON - helle 2-Zimmerwohnung mit Blick über Prenzlberg,https://pictures.immobilienscout24.de/listings/54cea5d1-8a2c-462f-af9e-39edd2ab2743-1373381232.jpg/ORIG/resize/540x540%3E/format/jpg/quality/80,file:///Users/danroc/Documents/Projects/@techlabs/data-scraping/html/immoscout/immoscout-expose-119166678.html,"Etagenwohnung (Wohnung/Miete): 2 Zimmer - 69,8 qm - Danziger Straße 77, 10405 Berlin, Prenzlauer Berg (Prenzlauer Berg) bei ImmobilienScout24 (Scout-ID: 119166678)","Danziger Straße 77,
10405 Berlin, Prenzlauer Berg (Prenzlauer Berg)",2,"69,77","['Balkon/ Terrasse', 'Personenaufzug', 'Einbauküche']",6 von 7,nach Vereinbarung,,,Nach Vereinbarung,,1.370,260,in Nebenkosten enthalten,1.630,,Berechnung starten,2016,Neuwertig,Zentralheizung,Fernwärme,,Bedarfsausweis,"79,9 kWh/(m²*a)",,"Das Wohnquartier PARAGON bietet 220 moderne Apartments mitten im lebendigen Prenzlauer Berg. Im Jahr 2016 wurde das Objekt nach den Entwürfen der international anerkannten GRAFT Architekten erbaut. Es wurde viel Wert darauf gelegt, bei den Treppenhäusern und Fluren den historischen Charme des integrierten Altbaus zu erhalten. 

Der Wohnungsmix reicht vom smarten Single Apartment mit 30 m² bis zum Luxuspenthouse mit 250 m² und Dachterrasse. Alle Wohnungen verfügen über eine hochwertige Einbauküche, große Fensterflächen und einen Balkon. 

Ein besonderes Highlight bietet der 140 m² große Clubraum im Erdgeschoss mit Terrasse zum Fröbelpark. Zahlreiche Sitzmöglichkeiten, ein Kamin, eine Bibliothek und freies WLAN sorgen für eine gemütliche und moderne Atmosphäre. Eine Kita, eine DHL-Packstation und ein Bio-Supermarkt runden die hohe Wohnqualität im Objekt ab.
______________________________________________________________________________________________________________

The new living quarter PARAGON provides 220 modern apartments at the center of the vivid Prenzlauer Berg. In 2016 the building was established by the designs of the worldwide accepted GRAFT architects. It was very important for them, to keep the charme of the former historic hospital, which was successfully integrated into the new building.

We provide small single-apartments up to town- and penthouses between 30m² and 250 m², which include fitted high-quality kitchen, spacious windows and balcony.

There is a small garden with play ground and also a 140 m² club room for our tenants - a great leisure area with free Wifi and a library,  that provides a safe and comfortable environment for old and young. You will find concierge service, a daycare center, a DHL-packing station and a BIO-supermarket in or right in front of the building.","- Eichenparkett in allen Räumen
- modern geflieste Wannen- oder Duschbäder
- große Balkone oder Terrassen
- hochwertige Einbauküchen
______________________________________________________________________________________________________________

- light oak parkett
- modern tiled bathrooms with bathtube or/and shower
- large balconies or terraces 
- high-quality, fitted kitchen

","Das PARAGON befindet sich in zentraler Lage mitten im Berliner Bezirk Prenzlauer Berg zwischen der Danziger Straße und dem Fröbelplatz. Die am Standort befindlichen, öffentlichen Verkehrsmittel sind in nur wenigen Gehminuten zu erreichen. 

Das nahe Umfeld bietet außerdem eine Vielzahl an beliebten kulturellen Treffpunkten wie die Kulturbrauerei, den Kollwitzplatz sowie den Mauerpark.

S-Bahn Prenzlauer Allee / S 8/9/41/42/45/46/85
U-Bahn Eberswalder Straße / U 2
Tram Prenzlauer Allee/Danziger Straße / M 2/10
Bus / N 2/156
Flughafen Tegel ca. 13 km // Flughafen Schönefeld ca. 23 km
Autobahn A100 ca. 14 km
Alexanderplatz ca. 2 km
Kurfürstendamm ca. 9 km
_____________________________________________________________________________________________________________

Due to the central location of Prenzlauer Berg, you will find public transportation just a few steps the PARAGON. The social surroundings also offer clubs and bars at places such as Kulturbrauerei, Schönhauser Allee, Kollwitzplatz and Mauerpark.

S-Train station Prenzlauer Allee / S 8/9/41/42/45/46/85
U-Train station Eberswalder Straße / U 2
Tramway Prenzlauer Allee/Danziger Straße / M 2/10
Bus / N 2/156
Airport Tegel ca. 13 km // Airport Schönefeld ca. 23 km
Autobahn A100 ca. 14 km
Alexanderplatz ca. 2 km
Kurfürstendamm ca. 9 km","Der Indexmietvertrag wird für mindestens 24 Monate abgeschlossen.
_________________________________________________________

The index-linked contract shall be closed for 24 months.",Etagenwohnung,,SCHUFA-BonitätsCheck anfordern,,,,
3,PARAGON Apartments - 4 Zimmer Maisonette in Prenzlauer Berg,https://pictures.immobilienscout24.de/listings/3962bfef-a8a8-42d1-99cd-9e942b2dbe59-1373400844.jpg/ORIG/resize/540x540%3E/format/jpg/quality/80,file:///Users/danroc/Documents/Projects/@techlabs/data-scraping/html/immoscout/immoscout-expose-108704897.html,"Etagenwohnung (Wohnung/Miete): 4 Zimmer - 168,2 qm - Danziger Straße 73, 10435 Berlin, Prenzlauer Berg (Prenzlauer Berg) bei ImmobilienScout24 (Scout-ID: 108704897)","Danziger Straße 73,
10435 Berlin, Prenzlauer Berg (Prenzlauer Berg)",4,"168,23","['Balkon/ Terrasse', 'Personenaufzug', 'Einbauküche']",4 von 5,nach Vereinbarung,3,,Nach Vereinbarung,,2.999,"630,86",in Nebenkosten enthalten,"3.629,86","8.997,00",Berechnung starten,2016,Neuwertig,Zentralheizung,Fernwärme,,Bedarfsausweis,"79,9 kWh/(m²*a)",,"Das Wohnquartier PARAGON bietet 220 moderne Apartments mitten im lebendigen Prenzlauer Berg. Im Jahr 2016 wurde das Objekt nach den Entwürfen der international anerkannten GRAFT Architekten erbaut. Es wurde viel Wert darauf gelegt, bei den Treppenhäusern und Fluren den historischen Charme des integrierten Altbaus zu erhalten. 

Der Wohnungsmix reicht vom smarten Single Apartment mit 30 m² bis zum Luxuspenthouse mit 250 m² und Dachterrasse. Alle Wohnungen verfügen über eine hochwertige Einbauküche, große Fensterflächen und einen Balkon. 

Ein besonderes Highlight bietet der 140 m² große Clubraum im Erdgeschoss mit Terrasse zum Fröbelpark. Zahlreiche Sitzmöglichkeiten, ein Kamin, eine Bibliothek und freies WLAN sorgen für eine gemütliche und moderne Atmosphäre. Eine Kita, eine DHL-Packstation und ein Bio-Supermarkt runden die hohe Wohnqualität im Objekt ab.
______________________________________________________________________________________________________________

The new living quarter PARAGON provides 220 modern apartments at the center of the vivid Prenzlauer Berg. In 2016 the building was established by the designs of the worldwide accepted GRAFT architects. It was very important for them, to keep the charme of the former historic hospital, which was successfully integrated into the new building.

We provide small single-apartments up to town- and penthouses between 30m² and 250 m², which include fitted high-quality kitchen, spacious windows and balcony.

There is a small garden with play ground and also a 140 m² club room for our tenants - a great leisure area with free Wifi and a library,  that provides a safe and comfortable environment for old and young. You will find concierge service, a daycare center, a DHL-packing station and a BIO-supermarket in or right in front of the building.","- Eichenparkett in allen Räumen
- modern gefliestes Wannenbad mit zusätzlicher Dusche
- Gäste WC
- 51qm Dachterrasse
- hochwertige und vollausgestattete Einbauküche
- 2 separate Loggien

","Das PARAGON befindet sich in zentraler Lage mitten im Berliner Bezirk Prenzlauer Berg zwischen der Danziger Straße und dem Fröbelplatz. Die am Standort befindlichen, öffentlichen Verkehrsmittel sind in nur wenigen Gehminuten zu erreichen. 

Das nahe Umfeld bietet außerdem eine Vielzahl an beliebten kulturellen Treffpunkten wie die Kulturbrauerei, den Kollwitzplatz sowie den Mauerpark.

S-Bahn Prenzlauer Allee / S 8/9/41/42/45/46/85
U-Bahn Eberswalder Straße / U 2
Tram Prenzlauer Allee/Danziger Straße / M 2/10
Bus / N 2/156
Flughafen Tegel ca. 13 km // Flughafen Schönefeld ca. 23 km
Autobahn A100 ca. 14 km
Alexanderplatz ca. 2 km
Kurfürstendamm ca. 9 km
_____________________________________________________________________________________________________________

Due to the central location of Prenzlauer Berg, you will find public transportation just a few steps the PARAGON. The social surroundings also offer clubs and bars at places such as Kulturbrauerei, Schönhauser Allee, Kollwitzplatz and Mauerpark.

S-Train station Prenzlauer Allee / S 8/9/41/42/45/46/85
U-Train station Eberswalder Straße / U 2
Tramway Prenzlauer Allee/Danziger Straße / M 2/10
Bus / N 2/156
Airport Tegel ca. 13 km // Airport Schönefeld ca. 23 km
Autobahn A100 ca. 14 km
Alexanderplatz ca. 2 km
Kurfürstendamm ca. 9 km","Der Indexmietvertrag wird für mindestens 24 Monate abgeschlossen.
_________________________________________________________

The index-linked contract shall be closed for 24 months.",Etagenwohnung,,SCHUFA-BonitätsCheck anfordern,,,,
4,Großartiges Townhouse über 3 Etagen direkt am Leipziger Platz mit außergewöhnlichen Blick,https://pictures.immobilienscout24.de/listings/930e1404-38b9-4ed7-9346-54b6172626ab-1303573133.jpg/ORIG/resize/540x540%3E/format/jpg/quality/80,file:///Users/danroc/Documents/Projects/@techlabs/data-scraping/html/immoscout/immoscout-expose-112218319.html,"Maisonettewohnung (Wohnung/Miete): 5 Zimmer - 231 qm - Leipziger Platz 13, 10117 Berlin, Mitte (Mitte) bei ImmobilienScout24 (Scout-ID: 112218319)","Leipziger Platz 13,
10117 Berlin, Mitte (Mitte)",5,"231,03","['Balkon/ Terrasse', 'Personenaufzug', 'Einbauküche', 'Garten/ -mitbenutzung', 'Gäste-WC', 'Stufenloser Zugang', 'WG-geeignet']",5 von 3,sofort,4,3,Ja,,"4.652,28","1.039,64",in Nebenkosten enthalten,"5.691,92",3 Nettokaltmieten,Berechnung starten,2015,Erstbezug,Fußbodenheizung,Fernwärme,liegt zur Besichtigung vor,,,,"Das Leipziger Platz Quartier setzt als einzigartiges Wohnquartier über den Dächern der Stadt neue Maßstäbe in Sachen Wohnkultur und –raum. Der Komplex modernster Architektur passt sich sowohl baulich als auch kulturell dem Stadtbild von Berlin-Mitte an.
Kaum sichtbar für Besucher und Passanten wurde auf der Mall of Berlin im Zentrum der Hauptstadt ein einmaliges und idyllisches Wohnareal durch den Projektentwickler HGHI Holding GmbH realisiert. Am Leipziger Platz Quartier warten auf Sie über 250 luxuriös ausgestattete Town- und Penthouses sowie High Class Premium Wohnungen zwischen etwa 25 und 450 Quadratmetern.
Eine besondere Bedeutung hat der Innenhof, mit Flächen für die Gemeinschaft. Der Treffpunkt ist nur für Mieter zugänglich und bietet, neben einer Erholungsmöglichkeit mitten in der City, ein sicheres Spielgebiet für Kinder.

The Leipziger Platz Quartier sets new standards in terms of living space and quality. This building with modern architecture successfully incorporates itself into the city image of Berlin-Mitte.
The project developer HGHI Holding GmbH created, almost invisible from the outside, a new building project on top of the Mall of Berlin with a unique and idyllic living areal in the city centre. We provide more than 250 high class apartments, townhouses and penthouses between 25 and 450 square meters.
The garden area has a special significance for our tenants. It is a great leisure area with a lot of privacy, that provides a safe environment for children.","Es erwartet Sie ein moderner Mix aus einer Highend-Ausstattung mit edelster Atmosphäre. Zum Interieur zählen:
-französische bodentiefe Fenster
-lichtdurchflutete Wohn-, Ess- und Kochbereiche
-Massivparkettboden
-Fußbodenheizung
-moderne Wannenbäder und Duschen
-Raumhöhen zwischen 2,60m und 3,20m
-Möglichkeit zur Anmietung eines Tiefgaragenstellplatzes
-Personenaufzug
-Fahrradstellplatz
-Innenhof mit Spielplatz
-Paketannahme
-24h Wachschutz
-Kostenlose Mitgliedschaft im Fitnessstudio ‚All Star Gym’, in der Mall of Berlin für 1 Jahr

You can expect a modern mixture of highend-facilities and a noble atmosphere. Our apartments have
-floor-to-ceiling-windows
-bright living-, eating- and cooking areas
-parquet floors, underfloor heating
-bathtubs and showers
-room heights of 2,60m-3,20m
-possibilities of renting an underground parking space
-elevators
-bike racks
-a courtyard with playground
-a parcel counter close by
-24/7 security service
-free one-year-membership in the ‚All Star Gym’, at the Mall of Berlin.","Das Leipziger Platz Quartier, welches sich direkt im Herzen von Berlin-Mitte befindet, bildet die Verbindung vom Potsdamer Platz bis zur Friedrichstraße. Hier finden Sie jegliche Einkaufsmöglichkeiten – von A(ldi) bis Z(ara) – in unmittelbarer Nähe, sozusagen unter Ihrer Wohnung!
Außerdem erreichen Sie von hier aus viele Hotspots in nur wenigen Gehminuten:
-Potsdamer Platz (100m)
-Friedrichstraße (300m)
-Brandenburger Tor, Unter den Linden (400m)
-Checkpoint Charlie (600m)
-Etc..
Auch der beliebte Tiergarten, der mit seinen großen Rasenflächen viel Raum für Erholung, Sport und Freizeit für die ganze Familie bietet, befindet sich in fußläufiger Distanz (500m).

Der Standort ist mit öffentlichen Verkehrsmitteln perfekt angebunden. Neben U-Bahn (U2, U6) und S-Bahn (S1, S2, S25), sowie Bussen und Tram-Linien, welche alle einen hervorragenden Anschluss an das Berliner Nachverkehrsnetz bieten, ist sogar das Umland Berlins problemlos mit mehreren Regionalexpress-Linien der Deutschen Bahn erreichbar.
Auch die Anbindung an die Berliner Flughäfen ist aufgrund der zentralen Lage in weniger als einer Stunde möglich: Flughafen Schönefeld ca. 45 min, Flughafen Tegel ca. 30 min.


The Leipziger Platz Quartier, which is located in the heart of Berlin-Mitte, which forms the connection from Potsdamer Platz to Friedrichstraße. Here you will find all kinds of shops – from A(ldi) to Z(ara) – in the immediate vicinity, so to speak under your apartment!
You can also reach many hotspots from here in just a few minutes:
-Potsdamer Platz (100m)
-Friedrichstraße (300m)
-Brandenburger Tor, Unter den Linden (400m)
-Checkpoint Charlie (600m)
The popular Tiergarten, which is as well located within walking distance (500m), offers with its large lawns plenty of space for relaxation, sport and leisure for the whole family.

The location is perfectly connected by public transport. In addition to the Underground (U2, U6) and the S-Train (S1, S2, S25), as well as buses und tram lines, that all offer excellent connections to Berlin’s local public transportation network, even the surrounding area of Berlin is easy to reach by several regional trains (Deutsche Bahn).
Thanks to its central location, you can make it to Berlin’s airports in less than an hour: Airport Schönefeld approx. 45 min, Airport Tegel approx. 30 min.","Alle Wohnungen werden unmöbliert vermietet, mit einer Mindestmietdauer von einem Jahr.

All of our apartments are unfurnished and the term of lease is one year at least.",Maisonette,"109,72 m²",SCHUFA-BonitätsCheck anfordern,Tiefgaragen-Stellplatz,,150 €,
5,"Luisenpark - 4 Zimmer mit Terrasse, Einbauküche, 2 Bädern im Erstbezug",https://pictures.immobilienscout24.de/listings/56e6a41a-0ebf-4d83-a211-f4db96437101-1353773998.jpg/ORIG/resize/540x540%3E/format/jpg/quality/80,file:///Users/danroc/Documents/Projects/@techlabs/data-scraping/html/immoscout/immoscout-expose-115478066.html,"Etagenwohnung (Wohnung/Miete): 4 Zimmer - 95,8 qm - Stallschreiberstraße 27, 10179 Berlin, Mitte (Mitte) bei ImmobilienScout24 (Scout-ID: 115478066)","Stallschreiberstraße 27,
10179 Berlin, Mitte (Mitte)",4,"95,8","['Balkon/ Terrasse', 'Personenaufzug', 'Einbauküche']",0,sofort,2,2,,,1.799,380,in Nebenkosten enthalten,2.179,"5.397,00",Berechnung starten,2019,Erstbezug,Fußbodenheizung,,,Bedarfsausweis,,B,"Im Luisenpark Berlin-Mitte finden Bewohner ein attraktives Umfeld.Das Quartier ist heterogen und bunt: Hier gibt es Miet- und Eigentumswohnungen, Bereiche für quartiersnahes Gewerbe, Mietwohnungsbau und private Spielplätze. Die Häuser liegen am Luisenstädtischen Kirchpark, wodurch die Bewohner vom Park oder dem liebevoll angelegten Innenhof umgeben sind. Hier finden Sie, was Sie brauchen – ob es die quartierseigene Kindertagesstätte oder die City Grundschule in unmittelbarer Nähe ist. Auch die Einkaufsmöglichkeiten für den täglichen Bedarf und der Park sind nur wenige Minuten zu Fuß erreichbar. Noch mehr Abwechslung und Lebensqualität hat kein Quartier in Berlin zu bieten.

Auch die Ruhe ist ein fester Bestandteil des Konzepts:Das Quartier befindet sich in einer unaufgeregten Seitenstraße. Und dank der Tiefgarage ist es hier auch größtenteils autofrei. Die städtebauliche Figur fügt sich behutsam in die Umgebung ein und sorgt für optimale Belichtungsverhältnisse.Schnell vergessen Sie hier, dass Sie sich im Mittelpunkt von Berlin befinden. Grün statt Grau. Park statt Peripherie. Atmosphäre statt Anonymität.

Für die Architektur der Häuser an der Stallschreiberstraße sind Axthelm Rolvien verantwortlich. Ihr Anspruch an ein Quartier wie Luisenpark Berlin-Mitte ist in Bezug auf Linienführung, Materialien und Wertigkeit sehr hoch und wurde von dem Architektenteam mit konsequenter Geradlinigkeit umgesetzt.Diese bestimmt ihre Architektursprache und leitet sich aus der Funktion des Gebäudes ab. Die Raffinesse und Kreativität ist dem Gebäude mit seinen versetzten Balkonen und den Vorsprüngen in der Fassade sofort anzusehen.Für die Häuser zur Parkseite verbinden Grüntuch Ernst in ihren Entwürfen traditionelle Werte mit zukunftsweisenden Innovationen. Dafür loten sie immer wieder neue Möglichkeiten aus – funktional, technisch oder künstlerisch.","Eichenholz-Fertigparkett mit Fußbodenheizung Großzügige
Verglasung und bodentiefe Fenster Überwiegend mit Balkon und/oder Terrasse oder Loggia
Hochwertige Sanitärobjekte
Niveaugleiche Walk-In-Dusche
Concierge-Service
Tiefgarage und Stellplätze mit E-Mobility-Ladestation
Autofreier Innenhof
Quartierseigene Kita und Spielplätze
Barrierefreier Wohnungszugang dank Aufzug von der Tiefgarage bis zum Penthouse Geschoss","Zentraler als der Fernsehturm.
Sie suchen den Mittelpunkt von Berlin? Hier ist er. Am präzisesten beschreiben Sie Ihre Wohnlage so: wirklich direkt mitten drin im Zentrum. In Berlin-Mitte, zwischen Alex und Potsdamer Platz. In unmittelbarer Nähe zur etablierten Hochkultur in Alt-Mitte und der inspirierenden Kreuzberger Szene.Nur wenige Minuten zu Fuß sowohl zum U-Bahnhof Märkisches Museum (U2) als auch zum U-Bahnhof Moritzplatz (U8). Ganz nah an vielen angesagten Galerien und Museen, mitten im Kiez und doch auch direkt an der Spree mit ihren zahlreichen Grünflächen.",,Etagenwohnung,,SCHUFA-BonitätsCheck anfordern,,,120 €,
6,"-erweiterter WBS erforderlich- Kleine, feine Singlewohnung im Neubau",https://pictures.immobilienscout24.de/listings/923a0363-3e8e-48da-8b46-33fdec6bc622-1373672484.jpg/ORIG/resize/540x540%3E/format/jpg/quality/80,file:///Users/danroc/Documents/Projects/@techlabs/data-scraping/html/immoscout/immoscout-expose-119214226.html,"Etagenwohnung (Wohnung/Miete): 2 Zimmer - 44 qm - Goeckestraße 32 A, 13055 Berlin, Alt-Hohenschönhausen (Hohenschönhausen) bei ImmobilienScout24 (Scout-ID: 119214226)","Goeckestraße 32 A,
13055 Berlin, Alt-Hohenschönhausen (Hohenschönhausen)",2,44,"['Balkon/ Terrasse', 'Stufenloser Zugang']",4 von 5,sofort,1,1,Nach Vereinbarung,,352,"70,40","['+', '41,80 €']","464,20",1.056,Berechnung starten,2020,Erstbezug,Fernwärme,Fernwärme,liegt vor,Verbrauchsausweis,,A,"ACHTUNG! DIESE ANZEIGE RICHTET SICH AUSSCHLIEßLICH AN PERSONEN MIT ERWEITERTEM WBS. NÄHERE INFORMATIONEN ENTNEHMEN SIE DEM BEIGEFÜGTEM PDF DOKUMENT UND DEN BILDERN IN DER ANZEIGE!
AUF SEITE 7 UND SEITE 11 IHRES WBS ERKENNEN SIE OB SIE ÜBER EINEN ERWEITERTEN WBS VERFÜGEN.

DIE KENNZAHL AUF SEITE 7 MUSS 160 ODER 180 ENTSPRECHEN.

AUF SEITE 11 MUSS DIE ZAHL ZWISCHEN 40 UND 80 v. H. BETRAGEN.

Sie suchen ein Zuhause, das ruhig und trotzdem verkehrsgünstig gelegen ist? Dann haben Sie sich für das richtige Objekt entschieden. 

Das neu entstandene Wohnobjekt in der Goeckestraße umfasst 264 Wohneinheiten. 

Das Gebäude verfügt über vier Vollgeschosse sowie ein Staffelgeschoss. Jeder Hausaufgang verfügt über einen Aufzug und einen Keller. 
Abstellmöglichkeiten für Fahrräder und Kinderwagen sind ebenfalls im Keller zu finden. Umliegend um das Wohnhaus stehen 58 Stellplätze zur Anmietung für jeweils 50 €/Monat zur Verfügung. 

Im Innern des Gebäudes findet sich ein liebevoll gestalteter Innenhof mit Spielgeräten und lädt mit zahlreichen Sitzmöglichkeiten zum Verweilen ein, während die kleinen Bewohner im Sandkasten oder auf der Schaukel ihre Kindheit genießen können. 

Als zukünftige Mieter haben Sie die Möglichkeit, Öko-Strom zu beziehen und nebenbei einen guten Beitrag für die Umwelt zu leisten. Überzeugend ist dahingehend nicht nur der Nachhaltigkeitsfaktor, sondern auch unsere preiswerten Konditionen und kundenorientierte Vertragsbedingungen.

Der Neubaukomplex besticht durch viele verschiedene Grundrisse. Gerne informieren wir Sie über weitere spannende Grundrisse.
Sie sehen, das Objekt ist vielseitig. Egal welchen Alters, ob Familie oder Single, die passende Wohnung ist bestimmt dabei!","Die Wohnungen sind mit einem PVC-Fußboden in Holzoptik ausgestattet. Zeitlos und modern erscheinen die verspachtelten Wände. 

Sonniges Wetter können Sie auf Ihrem großzügigen Balkon genießen, der Teil jeder Wohnung ist. 

Das Bad erhellt durch großformatige Fliesen und verfügt teilweise über eine Ablagefläche.  Ein Handtuchheizkörper garantiert wohlige Wärme an kalten Tagen. 

Ein spezielles Lüftungssystem sorgt für kontinuierlich frische Luft sowie einer sanften Zirkulation. 

Die Wohnung verfügt über eine offene Wohnküche, welche viel Platz für gestalterische Ideen lässt.","Das Neubauvorhaben in der Goeckestraße in Lichtenberg zeichnet sich zum einen, durch eine ruhige Lage mit angrenzender Einfamilienhaussiedlung, sowie zum anderen durch eine gute Anbindung an den öffentlichen Nahverkehr durch Bus- und Tramstationen aus. 

In diesem ganz speziellen Bezirk besteht ein reiches Kultur- und Freizeitangebot in Form von Landschaftsparks, Strandbädern am Oranke- und Obersee und der historischen Gedenkstätte Hohenschönhausen.

Einkaufsmöglichkeiten in der unmittelbaren Nähe sind mit dem Allee-Center, Netto, Lidl und DM gegeben und fußläufig erreichbar. 

In Gesundheitsfragen bietet das benachbarte Ärztehaus „Rudolf Virchow"" Antworten.","Warum Sie Mieter bei der HOWOGE Wohnungsbaugesellschaft mbH werden sollten? Wir bieten Ihnen einen rund um Service.

Wohnen in stabilen und sicheren Quartieren: Unsere mobilen Hausmeister bestreifen alle Quartiere der Howoge in der Nacht.

Haben Sie Ihre aktuelle Hausverwaltung selten erreicht? Mit unseren kundenfreundlichen Telefon- und Öffnungszeiten unserer Kundenzentren sind wir stets unkompliziert für unsere Mieter erreichbar. https://www.howoge.de/mieterservice/ansprechpartner.html

Selbst in Havarie- oder Notfällen außerhalb unserer Geschäftszeiten bieten wir einen Havariedienst, der zur Stelle ist, wenn man ihn braucht.

Wir sind eine von sechs kommunalen Wohnungsbaugesellschaften in Berlin und zählen mit rund 62.000 Mietwohnungen zu den zehn größten Vermietern deutschlandweit. Durch unsere zahlreichen Neubauprojekte und den Ankauf von Immobilien erweitern wir unseren Bestand kontinuierlich und werden so der steigenden Nachfrage nach bezahlbarem Wohnraum gerecht.
Wir gestalten Berliner Kieze – sozial, zukunftsorientiert und nachhaltig.

Die HOWOGE stellt nachhaltiges Denken und Handeln in den Mittelpunkt. Als eine der größten Wohnungsbaugesellschaften Berlins haben Umwelt- und Klimaschutz bei uns einen hohen Stellenwert. Unser weitreichendes Engagement wurde unter anderem bereits mit dem Deutschen Nachhaltigkeitspreis ausgezeichnet.
In unseren Wohnungen in verschiedenen Stadtteilen Berlins leben insgesamt mehr als 100.000 Menschen, die ihren Kiez individuell und einzigartig machen.

Ihr Wasserhahn tropft? Sie sind gesundheitlich eingeschränkt und brauchen Hilfe? Sie fühlen sich durch nächtlichen Lärm gestört? Unsere Hausmeister, Kiezhelfer, Concierges und die Mobilen Hausmeister sind in Ihrer Nähe und kümmern sich. Darüber hinaus bieten wir unseren Mietern Gästewohnungen. Kinder können sich in unserer Spielewohnung austoben.",Etagenwohnung,44 m²,SCHUFA-BonitätsCheck anfordern,,"33,6 kWh/(m²*a)",,zuletzt 2020
7,Mitte - First Occupancy - 2 room flat with balcony & fitted kitchen - Video viewing possible,https://pictures.immobilienscout24.de/listings/20951986-5e3e-48d1-8225-84fc13c6a272-1372110340.jpg/ORIG/resize/540x540%3E/format/jpg/quality/80,file:///Users/danroc/Documents/Projects/@techlabs/data-scraping/html/immoscout/immoscout-expose-118917203.html,Etagenwohnung (Wohnung/Miete): 2 Zimmer - 60 qm - Tiergarten (Tiergarten) bei ImmobilienScout24 (Scout-ID: 118917203),"10557 Berlin, Tiergarten (Tiergarten)
Die vollständige Adresse der Immobilie erhalten Sie vom Anbieter.",2,60,"['Balkon/ Terrasse', 'Keller', 'Personenaufzug', 'Einbauküche']",2 von 5,Sofort,,1,Ja,,1,179,"['+', '0 €']",1.338,3477,Berechnung starten,2020,,,,,,,,"Scrollen nach unten fuer Deutsch

English : 
Overview : 

virtueller Rundgang : https://urbanground.de/property-details?id=545943

Brand new apartment complex completed in Feb 2020

A haven of peace in the middle of the city, framed by water surfaces for a variety of lifestyles.

A modern home for people who love the turbulent city life as much as a quiet living environment. The apartment comes with a cellar

Why Choose this apartment? : 
- Floor-to-ceiling windows and a large balcony overlooking the quiet courtyard.
- Elevator
- Bicycle parking in the underground car park or in inner courtyard 
- Modern bathroom with bathtub, equipped with washing machine
- Open kitchen area: tastefully fitted kitchen equipped with ceramic hob, extractor hood, sink, dishwasher, refrigerator, oven.
- High quality parquet flooring with underfloor heating

Does it have parking space? : 
Yes, can be rented for an additional monthly rent of €120

Overview : 

virtueller Rundgang : https://urbanground.de/property-details?id=545943

Bei den wunderschönen geschnittenen und geschmackvollen eingerichteten Apartments , handelt es sich um das Projekt: Wasserstadt Mitte Apartments.

Das gesamte Projekt wurde 2020 fertig gestellt; daher handelt es sich um einen Erstbezug.

Einen Ruhepol mitten im Zentrum der Stadt, von Wasserflächen gerahmt und mit Wohnungen für unterschiedlichste Lebensentwürfe.

Ein modernes Zuhause für Menschen, die das turbulente Großstadtleben ebenso lieben wie ein ruhiges Wohnumfeld. Die Wohnung ist mit einem Keller ausgestattet.

Warum gerade diese Wohnung? : 
- Geschosshohe Fenster und ein großer Balkon mit Blick auf den ruhigen Innenhof.
- Aufzug
- Fahrradparkplätze in der Tiefgarage oder im Innenhof 
- Modernes Badezimmer mit Badewanne, ausgestattet mit Waschmaschine
- Offener Küchenbereich: geschmackvoll eingerichtete Küche, ausgestattet mit Keramikkochfeld, Absaugung, Spüle, Geschirrspüler, Kühlschrank, Backofen.
- Hochwertiger Parkettboden mit Fußbodenheizung

Verfügt sie über einen Parkplatz? : 
Ja, kann für eine zusätzliche Monatsmiete von 120 € vermietet werden.","Scrollen nach unten fuer Deutsch

English : 
Furniture : 
Refrigerator,  Dishwasher

Möbel : 
Kühlschrank,  Spülmaschine","Scrollen nach unten fuer Deutsch

English : 
How is the commute from here to other locations? : 
Relaxed life in the centre of Berlin: Only a few hundred metres away from the government quarter (Regierungsviertel) , the main railway station (Hauptbahnhof) and the cultural highlights of the historic centre, the ""Wasserstadt Mitte"" is situated in a beautiful waterfront location. Framed by the Nordhafen with its parks, the Berlin-Spandauer-Schifffahrtskanal and the lively new piazza of Europacity. 

It is indeed a unique retreat at the pulse of the German capital

All hotspots in Berlin can be reached within short distance
- 7 minutes by bus to the main station/ 10 minutes walk
- 20 minutes to Alexanderplatz
- 15 minutes to Potzdamerplatz
- 30 minutes to Berlin TXL Airport
- 15 minutes to the Brandenburg Gate

Entspanntes Leben im Zentrum Berlins: Nur wenige hundert Meter entfernt von Regierungsviertel, Hauptbahnhof und den Kulturhighlights der historischen Mitte, liegt die Wasserstadt Mitte in schönster Wasserlage. Gerahmt vom Nordhafen mit seinen Parkanlagen, dem Berlin-Spandauer-Schifffahrtskanal und der lebendigen neuen Piazza der Europacity, entsteht ein einzigartiger Rückzugsort am Puls der Hauptstadt.

Alle Hotspots in Berlin mit kurzen Verkehrsmitteln erreichbar
- 7 Min. mit dem Bus zum Hauptbahnhof/ 10 Min. Fußläufig
- 20 Min. zum Alexanderplatz
- 15 Min. zum Potzdamerplatz
- 30 Min. zum Flughafen Berlin TXL
- 15 Min. bis zum Brandenburger Tor","Scrollen nach unten fuer Deutsch

English : 
Property Features : 
Cellar,  Fitted Kitchen,  Elevator,  Balcony,  Wheelchair Accessible,  Central Heating,  New Construction,  Underfloor Heating,  Bathtub

Eigenschaftsmerkmale : 
Keller,  Einbauküche,  Fahrstuhl,  Balkon,  Barrierefrei,  Zentralheizung,  Neubau,  Fußbodenheizung,  Badewanne",Etagenwohnung,,SCHUFA-BonitätsCheck anfordern,,,,
8,Einzigartiger Lifestyle im Erstebezug: Möblierte Cityresidenz in Berlin-Mitte,https://pictures.immobilienscout24.de/listings/a31f2b0c-e6fb-4eba-8f37-6d5e6d571cff-1367404868.jpg/ORIG/resize/540x540%3E/format/jpg/quality/80,file:///Users/danroc/Documents/Projects/@techlabs/data-scraping/html/immoscout/immoscout-expose-113897977.html,Erdgeschosswohnung (Wohnung/Miete): 2 Zimmer - 68 qm - Mitte (Mitte) bei ImmobilienScout24 (Scout-ID: 113897977),"10117 Berlin, Mitte (Mitte)
Die vollständige Adresse der Immobilie erhalten Sie vom Anbieter.",2,68,"['Keller', 'Personenaufzug', 'Einbauküche']",,,1,1,,,2,510,keine Angabe,3.230,"8160,00",Berechnung starten,2019,Erstbezug,Fußbodenheizung,Fernwärme,liegt vor,Bedarfsausweis,"104,6 kWh/(m²*a)",D,"Architektur auf höchstem Niveau - insgesamt sieben Stadtresidenzen mit Wohnflächen zwischen ca. 68 und 123 m² sowie eingroßzügiges Penthouse mit Dachterrassen, bieten ihren künftigen Bewohnern höchsten Wohnkomfort. 
Alle Wohnungen sind hochwertig ausgestattet und enthalten maßangefertigte Einbauten, Einbauküchen mit Miele-Geräten sowie Waschmaschine und Wäschetrockner in den Hauswirtschaftsräumen.
Die technische Ausstattung wird höchsten Ansprüchen gerecht. Ein „Welcome-Light“, Smart-Home Komponenten, automatische Türschließung und Kühldecken in den Wohn-und Schlafzimmern sind nur wenige Ausstattungshighlights, welche dieses Projekt zu bieten hat. 
Ein künstlerisch gestalteter Courtyard und eine großzügige, helle Tiefgarage sind weitere Merkmale dieses besonderen, ruhig gelegenen Premium-Quartiers. Der Concierge unterstützt Sie und nimmt Ihnen die lästigen Pflichten des Alltages ab.","- Concierge-Service
- Moderne Grundrissgestaltung 
- Sonnige Loggien und/oder Terrassen 
- Bodentiefe Fenster 
- Dielenformatiges Eichenholzparkett
- Designbäder mit hochwertigen Dornbracht Armaturen 
- Integrierte Downlights und Deckenstrahler
- Fußbodenheizung und beheizte Duschtasse
- Kontrollierte Be- und Entlüftung 
- Kühldecken in allen Wohn– und Schlafzimmern
- „Welcome-Light“ mit Türkontakt
- Videogegensprechstelle  
- Smart Home-Komponenten 
- Erhöhter Sicherheitsstandard der Hauseingangstüren 
  mit berührungsloser Öffnung
- Aufzugsanlage mit eigenem Zugang zu den 
  Penthouses
- Stellplatz in der hell beleuchten Tiefgarage
- Fahrradraum 
- Hundewaschplatz","Die Wohnungen liegen im bemerkenswerten Zentrum von Berlin Mitte zwischen dem Prachtboulevard „Unter den Linden“ und der „Französischen Straße“. 
Das neu aufgebaute Berliner Stadtschloss mit dem künftigen Humbold Forum prägt die historische Mitte Berlins und liegt vis-à-vis des Projektes Schinkelplatz. Die nachbarschaftliche, weltbekannte Berliner Museumsinsel wurde 1999 als UNESCO – Weltkulturerbe ausgezeichnet. 
Das neue Auswärtige Amt sowie der beliebte Gendarmenmarkt sind ebenfalls direkte Nachbarn. Der Ausblick aus den Wohnungen zur Niederlagstraße ist von ganz besonderem Charme. Man schaut auf den Rosengarten des Kronprinzenpalais und die historische Friedrichswerdersche Kirche. 
Historisch bedeutender als diese Lage, ist keine Andere! Genießen Sie das umfassende kulturelle Angebot von Berlin-Mitte auf höchstem Niveau und ein Wohnumfeld in bester Gesellschaft.",,Erdgeschosswohnung,,SCHUFA-BonitätsCheck anfordern,1 Tiefgaragen-Stellplatz,,280 €,
9,Wohnen in Charlottenburg-Wilmersdorf! 3-Zimmer Neubauwohnung mit Echtholzparkett,https://pictures.immobilienscout24.de/listings/96018233-d835-4602-9c12-30368179f3f3-1373648276.jpg/ORIG/resize/540x540%3E/format/jpg/quality/80,file:///Users/danroc/Documents/Projects/@techlabs/data-scraping/html/immoscout/immoscout-expose-119212399.html,"Etagenwohnung (Wohnung/Miete): 3 Zimmer - 89,7 qm - Schmargendorf (Wilmersdorf) bei ImmobilienScout24 (Scout-ID: 119212399)","14199 Berlin, Schmargendorf (Wilmersdorf)
Die vollständige Adresse der Immobilie erhalten Sie vom Anbieter.",3,"89,69","['Balkon/ Terrasse', 'Keller', 'Personenaufzug', 'Einbauküche']",5 von 7,01.07.2020,2,1,Nach Vereinbarung,Verfügbarkeit prüfen,1,303,in Nebenkosten enthalten,1.853,4650,Berechnung starten,2020,Erstbezug,Zentralheizung,,liegt vor,Bedarfsausweis,"55,6 kWh/(m²*a)",B,"Die exklusiven 3-Zimmer Wohnungen im MAX & MARIA bieten auf 74 bis 106 Quadratmetern alles, was man als Familie, Single oder Paar braucht. Beste Raumausnutzung bietet die hier angebotene 3-Zimmer-Wohnung im MAX & MARIA. Hier fühlen sich auch kleinere Familien wohl! Die Wohnung betreten Sie über einen Flur mit Garderobenfläche. Von hier geht es in alle Räume. Die Wohnung besteht aus einem offenen Wohnbereich mit Einbauküche und direktem Zugang zum Balkon Nr. 1, 2 Schlafzimmern (ein Schlafzimmer davon hat einen Balkon Nr. 2), einem Badezimmer, welches mit hochwertigen Amaturen sowie mit einer Badewanne und einer ebenerdigen Dusche ausgestattet ist und einem Hauswirtschaftsraum mit Waschmaschinenanschluss und einem Gäste-WC.

Inspiriert von den Wohnhöfen der Wilhelminischen Kaiserzeit, treffen hier – wie in der gesamten Anlage – klassisch elegante Gestaltungselemente auf eine zeitgenössische architektonische Formensprache. 
Positiv fallen auch die großzügigen Deckenhöhen ins Auge: In den Erd- und Regelgeschossen liegen sie bei 2,70m, in den Staffelgeschossen bei 2,95m.  

Die liebevoll gestalteten Grünanlagen bieten Sitz- und Spielflächen sowie W-Lan-Außenhotspots und setzen die hohe Wohnqualität in den Außenbereichen fort. Jedes der vier Gebäude verfügt über einen Aufzug. In den Untergeschossen befinden sich neben Abstell- und Technikräumen auch Fahrradstellplätze. Und damit die Parkplatzsuche ein Ende hat, stehen in der Tiefgarage 137 teils mit E-Ladestation versehene Stellplätze bereit.","-Fußbodenheizung in der ganzen Wohnung 
- Balkon, Terrasse oder Dachterrasse 
- bodentiefe Fenster
- glattweiße Wände
- Eichenechtholzparkett in den Wohnbereichen und Fluren
- Badezimmer mit großformatigen Wandfliesen, hochwertigen Armaturen und Einbauten sowie flachen 
  Handtuchheizkörpern
- Waschmaschinenanschluss in jeder Wohnung
- Gegensprechanlage
- Einbauküche mit Herd und Spüle","Vom MAX & MARIA erreichen Sie die S- und U-Bahnstation Heidelberger Platz in weniger als 10 Minuten zu Fuß. Noch näher liegt die Bushaltestelle Forckenbeckstraße mit direkter Anbindung an den Kurfürstendamm. Eine weitere Bushaltestelle direkt am Quartier ist geplant. Mit dem Auto sind Sie über den Hohenzollerndamm schnell in der City West oder auf der Stadtautobahn A100. Bis zum Flughafen Tegel benötigen Sie etwa 20 Minuten, bis zum Flughafen Schönefeld sind es etwa 30 Minuten.

Auch die Nahversorgung ist garantiert! So finden Sie im Umkreis von einem Kilometer diverse Supermärkte, Discounter und einen Drogeriemarkt, wenige Auto- oder Fahrradminuten entfernt gibt es zwei Biosupermärkte. Familien freuen sich über eine Kita direkt im Quartier sowie über verschiedene Kindergärten, drei Grundschulen und eine Sekundarschule in einem Radius von einem Kilometer. Weitere Gymnasien und Oberschulen liegen etwa zwei Kilometer entfernt. Auch das Angebot an Ärzten, Krankenhäusern und Apotheken ist exzellent!","ANFRAGEN BITTE ÜBER DAS KONTAKTFORMULAR 

Bei den Bildern handelt es sich um unverbindliche Visualisierungen. Gerne können Sie sich im Zuge einer Besichtigung der Musterwohnung vom MAX & MARIA überzeugen.


WEITERE INFOS UNTER WWW.MAXUNDMARIA.DE


HAFTUNGSAUSSCHLUSS:
Diese Anzeige dient nur der ersten Information und stellt kein Vertragsangebot dar. Die Anzeige begründet keine vertraglichen Ansprüche. Der Inhalt und die Angaben wurden nach bestem Wissen und Gewissen ermittelt. Für Richtigkeit und Vollständigkeit wird keine Haftung übernommen. Die Grundrisse sind nicht zur Maßentnahme geeignet. Bei den Flächenangaben handelt es sich um Planmaße. Bei den Objektbildern handelt es sich um unverbindliche Visualisierungen.",Etagenwohnung,,,1 Tiefgaragen-Stellplatz,,120 €,
10,Erstbezug – Traumwohnung sucht Familie,https://pictures.immobilienscout24.de/listings/b5308959-5c87-437a-99c0-0db9e2b4990a-1373635060.jpg/ORIG/resize/540x540%3E/format/jpg/quality/80,file:///Users/danroc/Documents/Projects/@techlabs/data-scraping/html/immoscout/immoscout-expose-119210853.html,"Mietwohnung (Wohnung/Miete): 3 Zimmer - 77,1 qm - Mausohrweg 24, 12589 Berlin, Rahnsdorf (Köpenick) bei ImmobilienScout24 (Scout-ID: 119210853)","Mausohrweg 24,
12589 Berlin, Rahnsdorf (Köpenick)",3,"77,09","['Balkon/ Terrasse', 'Keller', 'Personenaufzug']",2,sofort,,,,Verfügbarkeit prüfen,"824,11","127,20","['+', '61,67 €']","1.012,98",2472.33,Berechnung starten,2019,Gepflegt,Fernwärme,KWK fossil,,Bedarfsausweis,"80,2 kWh/(m²*a)",C,,,"In der Fürstenwalder Allee, im Bezirk Treptow-Köpenick, entstehen 216 Mietwohnungen. Die STADT UND LAND übernimmt das Neubauprojekt nach der Fertigstellung schlüsselfertig von einem Bauträger. Die Wohnungen sind auf fünf Gebäude aufgeteilt, die in Staffelbauweise errichtet werden.
Die Lage zwischen Natur und urbanen Leben spricht für sich: Das Bauvorhaben liegt im Ortsteil Rahnsdorf/Hessenwinkel an der Landesgrenze zu Brandenburg direkt am Dämeritzsee. Der Ortsteil ist von Waldflächen sowie sehenswerten Villen und hübschen Landhäusern geprägt. Circa 30 Minuten benötigt man in die Innenstadt Berlins, rund 10 Minuten zum östlichen Autobahnring. Der Regional- und S-Bahnhof Erkner ist in 10 Minuten zu Fuß zu erreichen.
",Die WOBEGE Wohnbauten- und Beteiligungsgesellschaft mbH vermittelt die Wohnungen im Auftrag der STADT UND LAND Wohnbauten-Gesellschaft mbH.,Sonstige,,SCHUFA-BonitätsCheck anfordern,,,,
11,Moderne Eleganz trifft auf erstklassige Lage! Alles Neu - 2 Zimmer mit Terrasse - Gym for free,https://pictures.immobilienscout24.de/listings/75447042-694b-4dd3-aad2-86a24e8c5166-1364218365.jpg/ORIG/resize/540x540%3E/format/jpg/quality/80,file:///Users/danroc/Documents/Projects/@techlabs/data-scraping/html/immoscout/immoscout-expose-108372402.html,"Terrassenwohnung (Wohnung/Miete): 2 Zimmer - 105,4 qm - Voßstr. 34, 10117 Berlin, Mitte (Mitte) bei ImmobilienScout24 (Scout-ID: 108372402)","Voßstr. 34,
10117 Berlin, Mitte (Mitte)",2,"105,42","['Balkon/ Terrasse', 'Personenaufzug', 'Einbauküche', 'Garten/ -mitbenutzung', 'Gäste-WC']",3 von 1,sofort,1,2,Ja,,"2.123,46","474,39",in Nebenkosten enthalten,"2.597,85",3 Nettokaltmieten,Berechnung starten,2015,Erstbezug,Fußbodenheizung,Fernwärme,liegt zur Besichtigung vor,,,,"Das Leipziger Platz Quartier setzt als einzigartiges Wohnquartier über den Dächern der Stadt neue Maßstäbe in Sachen Wohnkultur und –raum. Der Komplex modernster Architektur passt sich sowohl baulich als auch kulturell dem Stadtbild von Berlin-Mitte an.
Kaum sichtbar für Besucher und Passanten wurde auf der Mall of Berlin im Zentrum der Hauptstadt ein einmaliges und idyllisches Wohnareal durch den Projektentwickler HGHI Holding GmbH realisiert. Am Leipziger Platz Quartier warten auf Sie über 250 luxuriös ausgestattete Town- und Penthouses sowie High Class Premium Wohnungen zwischen etwa 25 und 450 Quadratmetern.
Eine besondere Bedeutung hat der Innenhof, mit Flächen für die Gemeinschaft. Der Treffpunkt ist nur für Mieter zugänglich und bietet, neben einer Erholungsmöglichkeit mitten in der City, ein sicheres Spielgebiet für Kinder.

The Leipziger Platz Quartier sets new standards in terms of living space and quality. This building with modern architecture successfully incorporates itself into the city image of Berlin-Mitte.
The project developer HGHI Holding GmbH created, almost invisible from the outside, a new building project on top of the Mall of Berlin with a unique and idyllic living areal in the city centre. We provide more than 250 high class apartments, townhouses and penthouses between 25 and 450 square meters.
The garden area has a special significance for our tenants. It is a great leisure area with a lot of privacy, that provides a safe environment for children.","Es erwartet Sie ein moderner Mix aus einer Highend-Ausstattung mit edelster Atmosphäre. Zum Interieur zählen:
-französische bodentiefe Fenster
-lichtdurchflutete Wohn-, Ess- und Kochbereiche
-Massivparkettboden
-Fußbodenheizung
-moderne Wannenbäder und Duschen
-Raumhöhen zwischen 2,60m und 3,20m
-Möglichkeit zur Anmietung eines Tiefgaragenstellplatzes
-Personenaufzug
-Fahrradstellplatz
-Innenhof mit Spielplatz
-Paketannahme
-24h Wachschutz
-Kostenlose Mitgliedschaft im Fitnessstudio ‚All Star Gym’, in der Mall of Berlin für 1 Jahr

You can expect a modern mixture of highend-facilities and a noble atmosphere. Our apartments have
-floor-to-ceiling-windows
-bright living-, eating- and cooking areas
-parquet floors, underfloor heating
-bathtubs and showers
-room heights of 2,60m-3,20m
-possibilities of renting an underground parking space
-elevators
-bike racks
-a courtyard with playground
-a parcel counter close by
-24/7 security service
-free one-year-membership in the ‚All Star Gym’, at the Mall of Berlin.","Das Leipziger Platz Quartier, welches sich direkt im Herzen von Berlin-Mitte befindet, bildet die Verbindung vom Potsdamer Platz bis zur Friedrichstraße. Hier finden Sie jegliche Einkaufsmöglichkeiten – von A(ldi) bis Z(ara) – in unmittelbarer Nähe, sozusagen unter Ihrer Wohnung!
Außerdem erreichen Sie von hier aus viele Hotspots in nur wenigen Gehminuten:
-Potsdamer Platz (100m)
-Friedrichstraße (300m)
-Brandenburger Tor, Unter den Linden (400m)
-Checkpoint Charlie (600m)
Etc..
Auch der beliebte Tiergarten, der mit seinen großen Rasenflächen viel Raum für Erholung, Sport und Freizeit für die ganze Familie bietet, befindet sich in fußläufiger Distanz (500m).

Der Standort ist mit öffentlichen Verkehrsmitteln perfekt angebunden. Neben U-Bahn (U2, U6) und S-Bahn (S1, S2, S25), sowie Bussen und Tram-Linien, welche alle einen hervorragenden Anschluss an das Berliner Nachverkehrsnetz bieten, ist sogar das Umland Berlins problemlos mit mehreren Regionalexpress-Linien der Deutschen Bahn erreichbar.
Auch die Anbindung an die Berliner Flughäfen ist aufgrund der zentralen Lage in weniger als einer Stunde möglich: Flughafen Schönefeld ca. 45 min, Flughafen Tegel ca. 30 min.


The Leipziger Platz Quartier, which is located in the heart of Berlin-Mitte, which forms the connection from Potsdamer Platz to Friedrichstraße. Here you will find all kinds of shops – from A(ldi) to Z(ara) – in the immediate vicinity, so to speak under your apartment!
You can also reach many hotspots from here in just a few minutes:
-Potsdamer Platz (100m)
-Friedrichstraße (300m)
-Brandenburger Tor, Unter den Linden (400m)
-Checkpoint Charlie (600m)
The popular Tiergarten, which is as well located within walking distance (500m), offers with its large lawns plenty of space for relaxation, sport and leisure for the whole family.

The location is perfectly connected by public transport. In addition to the Underground (U2, U6) and the S-Train (S1, S2, S25), as well as buses und tram lines, that all offer excellent connections to Berlin’s local public transportation network, even the surrounding area of Berlin is easy to reach by several regional trains (Deutsche Bahn).
Thanks to its central location, you can make it to Berlin’s airports in less than an hour: Airport Schönefeld approx. 45 min, Airport Tegel approx. 30 min.","Alle Wohnungen werden unmöbliert vermietet, mit einer Mindestmietdauer von einem Jahr.

All of our apartments are unfurnished and the term of lease is one year at least.",Terrassenwohnung,"25,11 m²",SCHUFA-BonitätsCheck anfordern,1 Tiefgaragen-Stellplatz,,150 €,
12,Exklusiver Erstbezug in Berlin-Schmargendorf,https://pictures.immobilienscout24.de/listings/37234517-ea73-4862-9aa3-604f8f287591-1371987506.jpg/ORIG/resize/540x540%3E/format/jpg/quality/80,file:///Users/danroc/Documents/Projects/@techlabs/data-scraping/html/immoscout/immoscout-expose-118895360.html,"Mietwohnung (Wohnung/Miete): 2 Zimmer - 69,1 qm - Schmargendorf (Wilmersdorf) bei ImmobilienScout24 (Scout-ID: 118895360)","14199 Berlin, Schmargendorf (Wilmersdorf)
Die vollständige Adresse der Immobilie erhalten Sie vom Anbieter.",2,"69,11","['Balkon/ Terrasse', 'Keller', 'Personenaufzug', 'Einbauküche']",,01.07.2020,1,1,Nach Vereinbarung,Verfügbarkeit prüfen,1,234,in Nebenkosten enthalten,1.284,3150,Berechnung starten,2020,Erstbezug,Zentralheizung,,liegt vor,Bedarfsausweis,"61,3 kWh/(m²*a)",B,"Die exklusiven 2-Zimmer Wohnungen im MAX & MARIA bieten auf 41 bis 69 Quadratmetern alles, was man als Single oder Paar braucht. Beste Raumausnutzung bietet die hier angebotene 2-Zimmer-Wohnung im MAX & MARIA. Die Wohnung betreten Sie über einen Flur mit Garderobenfläche. Von hier geht es in alle Räume. Die Wohnung besteht aus einem offenen Wohnbereich mit Einbauküche , einer Terrasse, einem Schlafzimmer, einem Badezimmer, welches mit hochwertigen Amaturen sowie einer ebenerdigen Dusche ausgestattet ist und einem Hauswirtschaftsraum mit Waschmaschinenanschluss. Die Terrasse erreichen Sie über das Wohn- und das Schlafzimmer.

Inspiriert von den Wohnhöfen der Wilhelminischen Kaiserzeit, treffen hier – wie in der gesamten Anlage – klassisch elegante Gestaltungselemente auf eine zeitgenössische architektonische Formensprache. 
Positiv fallen auch die großzügigen Deckenhöhen ins Auge: In den Erd- und Regelgeschossen liegen sie bei 2,70m, in den Staffelgeschossen bei 2,95m.  

Die liebevoll gestalteten Grünanlagen bieten Sitz- und Spielflächen sowie W-Lan-Außenhotspots und setzen die hohe Wohnqualität in den Außenbereichen fort. Jedes der vier Gebäude verfügt über einen Aufzug. In den Untergeschossen befinden sich neben Abstell- und Technikräumen auch Fahrradstellplätze. Und damit die Parkplatzsuche ein Ende hat, stehen in der Tiefgarage 137 teils mit E-Ladestation versehene Stellplätze bereit.","-Fußbodenheizung in der ganzen Wohnung 
- Balkon, Terrasse oder Dachterrasse 
- bodentiefe Fenster
- glattweiße Wände
- Eichenechtholzparkett in den Wohnbereichen und Fluren
- Badezimmer mit großformatigen Wandfliesen, hochwertigen Armaturen und Einbauten sowie flachen 
  Handtuchheizkörpern
- Waschmaschinenanschluss in jeder Wohnung
- Gegensprechanlage
- Einbauküche mit Herd und Spüle","Vom MAX & MARIA erreichen Sie die S- und U-Bahnstation Heidelberger Platz in weniger als 10 Minuten zu Fuß. Noch näher liegt die Bushaltestelle Forckenbeckstraße mit direkter Anbindung an den Kurfürstendamm. Eine weitere Bushaltestelle direkt am Quartier ist geplant. Mit dem Auto sind Sie über den Hohenzollerndamm schnell in der City West oder auf der Stadtautobahn A100. Bis zum Flughafen Tegel benötigen Sie etwa 20 Minuten, bis zum Flughafen Schönefeld sind es etwa 30 Minuten.

Auch die Nahversorgung ist garantiert! So finden Sie im Umkreis von einem Kilometer diverse Supermärkte, Discounter und einen Drogeriemarkt, wenige Auto- oder Fahrradminuten entfernt gibt es zwei Biosupermärkte. Familien freuen sich über eine Kita direkt im Quartier sowie über verschiedene Kindergärten, drei Grundschulen und eine Sekundarschule in einem Radius von einem Kilometer. Weitere Gymnasien und Oberschulen liegen etwa zwei Kilometer entfernt. Auch das Angebot an Ärzten, Krankenhäusern und Apotheken ist exzellent!","ANFRAGEN BITTE ÜBER DAS KONTAKTFORMULAR 

Bei den Bildern handelt es sich um unverbindliche Visualisierungen. Gerne können Sie sich im Zuge einer Besichtigung der Musterwohnung vom MAX & MARIA überzeugen.


WEITERE INFOS UNTER WWW.MAXUNDMARIA.DE


HAFTUNGSAUSSCHLUSS:
Diese Anzeige dient nur der ersten Information und stellt kein Vertragsangebot dar. Die Anzeige begründet keine vertraglichen Ansprüche. Der Inhalt und die Angaben wurden nach bestem Wissen und Gewissen ermittelt. Für Richtigkeit und Vollständigkeit wird keine Haftung übernommen. Die Grundrisse sind nicht zur Maßentnahme geeignet. Bei den Flächenangaben handelt es sich um Planmaße. Bei den Objektbildern handelt es sich um unverbindliche Visualisierungen.",,,,1 Tiefgaragen-Stellplatz,,120 €,
13,Traumhafte Dachgeschosswohnung!!! +3 Zimmer + Terrasse + familienfreundliches Umfeld,https://pictures.immobilienscout24.de/listings/0c9e461d-493a-45a4-afd0-73b478d16948-1370036390.jpg/ORIG/resize/540x540%3E/format/jpg/quality/80,file:///Users/danroc/Documents/Projects/@techlabs/data-scraping/html/immoscout/immoscout-expose-118516836.html,"Etagenwohnung (Wohnung/Miete): 3 Zimmer - 90,7 qm - Mariendorfer Weg 50, 12051 Berlin, Neukölln (Neukölln) bei ImmobilienScout24 (Scout-ID: 118516836)","Mariendorfer Weg 50,
12051 Berlin, Neukölln (Neukölln)",3,"90,66","['Balkon/ Terrasse', 'Keller', 'Personenaufzug', 'Einbauküche']",6,sofort,,,,,"1.563,89",160,"['+', '60 €']","1.783,89",4691.67,Berechnung starten,2019,,Zentralheizung,"Fernwärme, Strom",,Bedarfsausweis,66 kWh/(m²*a),B,"Ihr Wohlergehen liegt uns am Herzen, bitte kontaktieren Sie uns, damit wir Ihnen in der aktuellen Lage eine optimale Besichtigung bieten können. Wir bitten um Verständnis wenn es zu Wartezeiten kommt.

 Kommen Sie und stauen! Diese wunderschöne Dachgeschosswohnung verzaubert durch seine individuell geschnittenen Räume. Durch die vielen Fenster erhält die Wohnung ihren besonderen Charme und viel Sonnenlicht. Das Wohnzimmer verfügt über einen Zugang zur großen Terrasse, mit freiem Blick ins Grüne. Neben dem großzügigen Wohnzimmer mit offene Küche stehen Ihnen 2 weitere Zimmer sowie ein Badezimmer mit Wanne zur Verfügung, in der Sie an stressigen Tag vom Alltag entspannen können. Sollten wir Ihr Interesse geweckt haben, senden Sie uns eine Email an f.wagner@maxmuellerimmo.com

",Aufzug; Türsprechanlage; Isolierverglasung; Warmwasser zentral (über Heizanlage); Einbauküche; Wohnküche; Kellerraum; Fußbodenheizung; Gas-Zentralheizung; Rauchwarnmelder; Design-Vinyl-Belag; Fassadenvollwärmeschutz; Dachterrasse;,"Alle Einkaufsmöglichkeiten sind schnell fußläufig zu erreichen, 2 Supermärkte befindet sich direkt in der Silbersteinstraße. Öffentliche Verkehrsmittel wie z. B. der Bus 277 und N77 hat seine Haltestelle fast vor der Tür. Die nächste S-/U-Bahnstation ist Hermannstr. mit S41, S42, S46, S47 + U 8. In nur 5 Autominuten erreichen Sie die Auffahrt zur Stadtautobahn A100.","Die Kabelgebühren sind bereits in den Nebenkosten enthalten.

Die Internetgeschwindigkeit in dieser Wohnung beträgt bis zu 500 Mbit/s. Hinweise darüber, wie die Vonovia Ihre personenbezogenen Daten als Interessent verarbeitet, erhalten Sie unter www.vonovia.de/datenschutzinformation. Alle Angaben in diesem Exposé wurden sorgfältig und so vollständig wie möglich gemacht. Gleichwohl kann das Vorhandensein von Fehlern nicht ausgeschlossen werden. Die Angaben in diesem Exposé erfolgen daher ohne jede Gewähr. Maßgeblich sind die im Mietvertrag geschlossenen Vereinbarungen. Soweit die Grundrissgrafiken Maßangaben und Einrichtungen enthalten, wird auch für diese jegliche Haftung ausgeschlossen. Mietverhandlungen sind ausschließlich über den benannten Ansprechpartner zu führen. Mietpreisänderungen bleiben vorbehalten.

Buchen Sie rund um die Uhr online Ihren Besichtigungstermin unter www.vonovia.de.

",Etagenwohnung,,SCHUFA-BonitätsCheck anfordern,,,,
14,Familienwohnung in ruhiger Lage!,https://pictures.immobilienscout24.de/listings/13e81a51-9ff0-4bf6-82ff-639d44a7357a-1370389284.jpg/ORIG/resize/540x540%3E/format/jpg/quality/80,file:///Users/danroc/Documents/Projects/@techlabs/data-scraping/html/immoscout/immoscout-expose-118572632.html,"Etagenwohnung (Wohnung/Miete): 4 Zimmer - 92,2 qm - Päwesiner Weg 11d, 13581 Berlin, Spandau (Spandau) bei ImmobilienScout24 (Scout-ID: 118572632)","Päwesiner Weg 11d,
13581 Berlin, Spandau (Spandau)",4,"92,19","['Balkon/ Terrasse', 'Personenaufzug', 'Einbauküche', 'Gäste-WC']",3 von 4,nach Vereinbarung,3,1,Nach Vereinbarung,,945,234,in Nebenkosten enthalten,1.179,2835,Berechnung starten,1992,Neuwertig,Zentralheizung,Gas,liegt vor,Verbrauchsausweis,,C,"Sie wollen in einem gepflegten, grünen Umfeld, ruhig und mit netten Nachbarn wohnen - dann sind Sie hier genau richtig!

Erbaut wurden die Häuser dieser hübschen Neubauwohnanlage im Jahre 1960. Der Ausbau der Dachgeschosse, sowie der Anbau der Aufgänge Päwesiner Weg 10 d, 11 d und 12 d wurden in den Jahren 1991-1992 durchgeführt.

Die Aufgänge Päwesiner Weg 10 d, 11 d sowie 12 d sind mit einem Aufzug ausgestattet. Alle Wohnungen verfügen über Loggien bzw. Terrassen.

Den Mietern stehen Stellplätze für Pkw`s optional gegen einen Aufpreis von","Die ruhig gelegene 4-Zimmer Wohnung hat einem attraktiven Grundriss.

Diese Ausstattungsmerkmale bietet die Wohnung:

* 3. OG mit Fahrstuhl

* helle Neubauwohnung

* Balkon mit Blick ins Grüne

* Laminatfußböden 

* Einbauküche inkl. elektrischer Geräte 

* gefliestes Wannenbad mit Waschmaschinenanschluss 

* Gäste WC

* isolierverglaste Fenster in allen Räumen

* Kabel-TV inklusive (keine extra Kosten)

* Durchlauferhitzer

* Zentralheizung 

* Kfz-Stellplatz auf dem Hof ist nach Verfügbarkeit zusätzlich anmietbar

Weitere Angebote auf unserer Homepage unter www.harry-gerlach.de unter UNSERE ANGEBOTE!","Der Päwesiner Weg ist eine ruhige Querstraße der Seeburger Straße und liegt direkt am Rand einer freundlichen Einfamilienhaussiedlung. Eine Grundschule und eine kleine Einkaufspassage sind in wenigen Minuten zu Fuß zu erreichen
.
Die Wohnungen liegen ca. 250 m von der Bushaltestelle ""Seeburger Straße / Päwesiner Weg"" entfernt. Von dort fährt der Bus M37 rund um die Uhr, tagsüber sogar im 2 - 5 Minutentakt. Die Fahrzeit zum Rathaus Spandau, zu den Spandauer Arcaden oder der schönen Altstadt Spandau beträgt ca. 7 Minuten. Ab Rathaus Spandau fahren die U7, S-Bahn, Regionalbahnen sowie diverse Busse.","Mietkonditionen:
- Mindestmietdauer von 2 Jahren, danach gesetzliche Kündigungsfrist
- Mietendeckel: NKM: 841,69 € zzgl. Nebenkosten

Bitte kontaktieren Sie uns per E-Mail damit wir mit Ihnen einen Besichtigungstermin vereinbaren können.",Etagenwohnung,"92,19 m²",SCHUFA-BonitätsCheck anfordern,Außenstellplatz,"86,72 kWh/(m²*a)",,
15,2 Bedroom Apartment Junior,https://pictures.immobilienscout24.de/listings/15f44b4e-297e-49f2-b22c-be117b568576-889087805.jpg/ORIG/resize/540x540%3E/format/jpg/quality/80,file:///Users/danroc/Documents/Projects/@techlabs/data-scraping/html/immoscout/immoscout-expose-79468594.html,"Mietwohnung (Wohnung/Miete): 4 Zimmer - 55 qm - Otto-Braun Strasse 67, 10178 Berlin Mitte, Mitte (Mitte) bei ImmobilienScout24 (Scout-ID: 79468594)","Otto-Braun Strasse 67,
10178 Berlin Mitte, Mitte (Mitte)",4,55,"['Personenaufzug', 'Einbauküche', 'Stufenloser Zugang']",,01.02.2017,2,2,Ja,,3.390,0,inkl. 0 €,3.390,2990 EUR,Berechnung starten,2013,Gepflegt,Fußbodenheizung,Fernwärme,liegt vor,Bedarfsausweis,"101,19 kWh/(m²*a)",,"Diese moderne und grosszügige 3.5-Zimmer-Wohnung eignet sich für bis zu 6 Personen. Zwei separate Schlafzimmer mit komfortablem Doppelbett bzw. Schlafcouch und Flachbild-TV bieten Platz zum Entspannen. Der Wohnbereich ist mit einer gemütlichen Sitzecke mit Sofa und Sesseln ausgestattet und verfügt ebenfalls über einen Flachbild-TV. Zusätzlich bietet die Wohnung einen weiteren Raum mit Schlafsofa, Schreibtisch und Flachbild-TV, der durch eine Glasschiebetür mit dem Wohnbereich verbunden ist. Die komplett ausgestattete Küche mit kleinem Essbereich und Geschirrspüler bietet alles für den täglichen Gebrauch: Glaskeramikherd, Mikrowelle, Kaffeemaschine, Wasserkocher sowie Geschirr und Besteck. Zwei separate Badezimmer mit Dusche, Handtüchern und Haartrockner sorgen für maximalen Komfort. Die Wohnung ist in verschiedenen Designrichtungen verfügbar: asiatisch angehaucht mit Onyx-Stein und verschiedenen Gelb- und Goldnuancen, im mediterranen Stil mit Holzelementen und frischen Farben, futuristisch mit Plexiglaskomponenten und Natursteinplatten oder im urbanen Chalet-Stil mit viel Holz, Stein und Erdtönen.","Im Mietpreis sind neben sämtlichen Nebenkosten auch zahlreiche Serviceleistungen inbegriffen: Drahtloser Internet-Zugang (W-LAN), SAT-TV mit internationalen Kanälen, wöchentlicher Reinigungsservice des Apartments inkl. Wechsel der Bettwäsche und Handtücher sowie regelmässiges Nachfüllen der Handseife und des Toilettenpapiers. Bei Anreise erwartet die Gäste ein hauseigenes Pflegeset bestehend aus Bodylotion, Conditioner, Duschgel und Shampoo. Auch die Endreinigung bei Auszug ist bereits im Preis inkludiert. Im Untergeschoss steht den Mietern ein Gemeinschaftsraum mit Waschmaschinen und Trocknern zur freien Benutzung zur Verfügung. Gegen Aufpreis und je nach Verfügbarkeit können zusätzliche Serviceleistungen in Anspruch genommen werden, z.B. Wäscheservice oder Extra-Reinigungsservice. Auf Anfrage bieten wir auch Zusatzausstattungen sowie Parkplätze an.","Das moderne Apartmenthaus liegt im trendigen Bezirk Berlin-Mitte direkt neben dem Alexanderplatz. Gut sichtbar und nur wenige Schritte entfernt befindet sich das höchste Bauwerk Deutschlands, der Fernsehturm. Am und um den Alexanderplatz herum tummeln sich angesagte Bars, Restaurants, Läden sowie Kunst und Kultur in Hülle und Fülle. Die Szenebezirke Friedrichshain und Prenzlauer Berg befinden sich ganz in der Nähe. Die nahegelegenen S- und U-Bahn-, Bus- sowie Strassenbahn-Stationen sorgen für eine ideale Verkehrsanbindung. Bis zum Hauptbahnhof sind es rund zehn Minuten und die beiden Berliner Flughäfen – Berlin Schönefeld und Berlin Tegel – sind in gut 30 Minuten erreichbar.",BILDER PRÄSENTIEREN NUR DEN STIL DES APARTMENTS.,,,,6 Garagen,,350 €,
16,Über den Dächern Berlins! - Sonniges Dachgeschoß sucht neuen Mieter -,https://pictures.immobilienscout24.de/listings/9a4ed233-d934-4052-b3e6-f37a30566851-1370061210.jpg/ORIG/resize/540x540%3E/format/jpg/quality/80,file:///Users/danroc/Documents/Projects/@techlabs/data-scraping/html/immoscout/immoscout-expose-118521173.html,"Mietwohnung (Wohnung/Miete): 3,5 Zimmer - 111,9 qm - Lauffener Str. 4, 12459 Berlin, Oberschöneweide (Köpenick) bei ImmobilienScout24 (Scout-ID: 118521173)","Lauffener Str. 4,
12459 Berlin, Oberschöneweide (Köpenick)","3,5","111,93","['Balkon/ Terrasse', 'Garten/ -mitbenutzung', 'Gäste-WC']",,sofort,,,,,"1.567,36",253,inkl. 91 €,"1.820,36","Kaution: 2.918,70 EUR",Berechnung starten,2003,Gepflegt,,Gas,,Verbrauchsausweis,,C,"Bitte beachten Sie, dass auf dieses Wohnungsangebot der sog. Berliner Mietendeckel Anwendung findet (Gesetz zur Neuregelung gesetzlicher Vorschriften zur Mietenbegrenzung, kurz: MietenWoG Bln). Die vorgenannte Miete ist unter Berücksichtigung der Regelungen nach dem Bürgerlichen Gesetzbuch (BGB) ermittelt und wird mit Ihnen im Falle eines Mietvertragsabschlusses vertraglich zwar vereinbart, jedoch für den Geltungszeitraum des MietenWoG außer Kraft gesetzt. Dies bedeutet, dass nur die nach dem MietenWoG Bln zulässige Miete bis auf Weiteres zu zahlen ist. Die nach dem MietenWoG Bln zulässige Nettokaltmiete beträgt für dieses Wohnungsangebot 972,90 € /Monat (Mietendeckelmiete). Bitte berücksichtigen Sie weiter, dass bei Beendigung bzw. im Falle einer Rücknahme oder sonstigen Unwirksamkeit des MietenWoG Bln anstelle der Mietendeckelmiete die vertraglich vereinbarte Miete zu zahlen ist. Die Vermieterin behält sich vor, einen sich danach jeweilig ergebenden etwaigen Differenzbetrag nachzufordern. Näheres regelt der entsprechende Mietvertrag.","Schöne 4 Zimmer DG-Wohnung an der Spree.- Parkett- Fliesenfußboden in der Küche und im Badezimmer- große Wohnküche- Badezimmer mit Wanne, Dusche und Fenster - Gäste WC und Abstellraum- sonnige Terrasse- zentrale Warmwasserversorgung und HeizungDie Wohnung befindet sich im Vorderhaus.Was erwartet Sie noch als unser Mieter?-ein persönlicher Ansprechpartner in Ihrer Nähe-24-Stunden-/ 7-Tage-Notdienst","Der Bezirk befindet sich im Südosten von Berlin, am Zusammenfluss von Spree und Dahme in wald- und seenreicher Umgebung. Köpenick besitzt eine hübsche Altstadt mit Schlossinsel und dem 2004 komplett restauriertem Köpenicker Schloss. Die Müggelberge rund um den Müggelsee im Südosten Köpenicks sind die höchste natürliche Erhebung Berlins. Der Ortsteil Oberschöneweide liegt im nordwestlichen Teil von Köpenick. Nahe gelegen ist das Erholungsgebiet Wuhlheide und das Ufer der Spree.  Die belebte Wilhelminenhofstraße trennt den Bezirk zwischen Industriegebiet und Wohngebiet.","- Etage: - Dachgeschoss- Zimmer: 3 1/2 - Ausstattung: Abstellraum, Duschbad, Kabel TV, Wannenbad, Zentrale Warmwasserversorgung, Bad mit WC, Bodenfliesen in Bad, Bodenfliesen in Küche, Diele, Haustürsprechanlage, Isolierverglasung, Küche, Warmwasserzähler, Waschmasch.-Anschluss, Zimmer, Zimmer kleiner 10 qmCovivio - eines der größten Immobilienunternehmen in Europa, 20 Jahre Wachstum und Leistung. Ob Büroimmobilien in Italien und Frankreich, Hotels in vielen europäischen Ländern sowie Wohnungen und Gewerbeeinheiten in Deutschland, Covivio entdeckt Räume neu, verbindet Arbeiten, Reisen sowie Wohnen miteinander und entwickelt zeitgemäße Konzepte des Zusammenlebens. Als europäisches Unternehmen mit 850 Mitarbeitern überwindet Covivio Grenzen, möchte überall den gleichen, bestmöglichen Service bieten und diesen auch in Zukunft auf die sich ändernden Bedürfnisse ihrer Kunden ausrichten.In Deutschland besitzt und bewirtschaftet Covivio über 41.000 Wohnimmobilien mit einem Vermögenswert von rund 5 Milliarden Euro in den Städten Berlin, Leipzig, Dresden, Hamburg sowie in der Rhein-Ruhr-Region.",,,SCHUFA-BonitätsCheck anfordern,,"95,2 kWh/(m²*a)",,
17,Erstbezug: Voll ausgestattetes Zwei Zimmer Wohnung in Mitte - Videobesichtigung moeglich,https://pictures.immobilienscout24.de/listings/940d67e4-9ddd-40a9-8c9b-5a362d78dc2d-1373026625.jpg/ORIG/resize/540x540%3E/format/jpg/quality/80,file:///Users/danroc/Documents/Projects/@techlabs/data-scraping/html/immoscout/immoscout-expose-119103721.html,"Etagenwohnung (Wohnung/Miete): 2 Zimmer - 47,5 qm - Lehrter Str. 24c, 10557 Berlin, Tiergarten (Tiergarten) bei ImmobilienScout24 (Scout-ID: 119103721)","Lehrter Str. 24c,
10557 Berlin, Tiergarten (Tiergarten)",2,"47,53","['Balkon/ Terrasse', 'Keller', 'Personenaufzug', 'Einbauküche']",1 von 18,Sofort,,1,Nein,Verfügbarkeit prüfen,1.193,174,"['+', '0 €']",1.367,3579,Berechnung starten,2020,,,,,,,,"Scroll down for English version

Übersicht : 

virtueller Rundgang - https://urbanground.de/property-details?id=545945

Viel Komfort und jede Menge Annehmlichkeiten auf kleinem Raum. Das voll ausgestattete Studio im neu gebauten FRITZ TOWER vereint die scheinbaren Gegensätze von Qualität und Platzangebot. Perfekt für Singles oder Expatriates die temporär in Berlin zentral leben möchten oder Pendler, die einen all inclusive Service mit Hotelcharakter schätzen.

Was ist cool an der Wohnung? : 
Das Gebäude bietet die folgenden Merkmale:
Conciergeservice
Bistro
Co-Working-Area
Lounge
Fitnessraum
Die Studios werden hochwertig ausgestattet: von einer zeitlosen Kueche mit Kochfeld, Kühlschrank und eingebauter Mikrowelle bis hin zu modernen Bädern mit großzügigen Walk-In-Duschen.

Warum diese Wohnung wählen? : 
Das hochwertige Interior Design ist perfekt abgestimmt auf Ihre Bedürfnisse.

Das Wohnungsangebot des FRITZ TOWER wird um Services ergänzt, die man eher aus guten Hotels kennt: Schnelles, kabelloses Internet, ein hauseigenes Fitnessstudio sowie ein Co-Working-Space gehören zu den integrierten Angeboten des Hauses. Im Erdgeschoss befindet sich ein gemütliches Bistro. Ein Concierge Service nimmt Ihnen viele Pflichten des Alltags ab und schenkt Ihnen auf diese Weise mehr Zeit für wichtigere Dinge. Diese Annehmlichkeiten eröffnen den Bewohnern die Möglichkeit, die Freizeit zu Hause bestens zu nutzen – sei es für die Karriere oder zur Entspannung.

Wie viele Zimmer hat die Wohnung?     : 
undefined

Wie groß ist die Wohnung? : 
undefined

Hat es einen Parkplatz? : 
undefined


English : 

Virtual tour - https://urbanground.de/property-details?id=545945

Overview : 
A lot of comfort and a lot of amenities in a small space. The fully equipped studio in the newly built FRITZ TOWER combines the obvious opposites of quality and space. Perfect for singles or expatriates who want to live centrally in Berlin temporarily or those who are commuting and appreciate an all inclusive service with hotel character.

What’s cool about the apartment? : 
The building offers the following features:

Concierge service
Bistro
Co-Working Area
Lounge
Fitness room
The studios are equipped to a high standard: from a timeless kitchenette with stove, refrigerator and built-in microwave to modern bathrooms with spacious walk-in showers.

Why Choose this apartment? : 
The high-quality interior design is perfectly matched to your needs.

The range of apartments in the FRITZ TOWER is supplemented by services that are more likely to be found in good hotels: fast, wireless Internet, an in-house fitness studio and a co-working space are among the integrated services offered by the hotel. A cosy bistro is located on the ground floor. A concierge service relieves you of many of the duties of everyday life and thus gives you more time for more important things. These amenities allow residents to make the most of their free time at home - whether for their career or for relaxation.

How many rooms does the apartment have? : 


How big is the apartment? : 
undefined

Does it have parking space? : 
undefined","Scroll down for English version

Möbel : 

** Zusätzliche Kosten: Die Internet- und Stromkosten betragen 100 Euro.

Kühlschrank

English : 
Furniture : 

** Additional Charges: Internet and electricity costs are 50 euros.

Refrigerator","Scroll down for English version

Nur wenige hundert Meter entfernt von Regierungsviertel, Hauptbahnhof und den Kulturhighlights der historischen Mitte, liegt die Wasserstadt Mitte in schönster Wasserlage. Gerahmt vom Nordhafen mit seinen Parkanlagen, dem Berlin-Spandauer-Schifffahrtskanal und der lebendigen neuen Piazza der Europacity, entsteht ein einzigartiger Rückzugsort am Puls der Hauptstadt.

Alle Hotspots in Berlin mit kurzen Verkehrsmitteln erreichbar
- 7 Min. mit dem Bus zum Hauptbahnhof
- 20 Min. zum Alexanderplatz
- 15 Min. zum Potzdamerplatz
- 30 Min. zum Flughafen Berlin TXL
- 15 Min. bis zum Brandenburger Tor

English : 
How is the commute from here to other locations? : 
Only a few hundred metres away from the government quarter, the central railway station (Hauptbahnhof) and the cultural highlights of the historical centre (Mitte). Framed by the Nordhafen with its parks, the Berlin-Spandauer-Schifffahrtskanal and the lively new piazza of Europacity, a unique retreat at the pulse of the capital is being created.

All hotspots in Berlin accessible by short public transport commute
- 7 mins by bus to Central Station (Hauptbahnhof)
- 20 mins to Alexanderplatz
- 15 mins to Potzdamerplatz
- 30 mins to Berlin TXL airport
- 15 mins to Brandenburg Gate

","Scroll down for English version

Eigenschaftsmerkmale : 
Einbauküche,  Fahrstuhl,  Barrierefrei,  Zentralheizung,  Neubau,  Fußbodenheizung

English : 
Property Features : 
Fitted Kitchen,  Elevator,  Wheelchair Accessible,  Central Heating,  New Construction,  Underfloor Heating",Etagenwohnung,,SCHUFA-BonitätsCheck anfordern,,,,
